word,capitalized,reason
afghan,Afghan,demonym seeded upfront to cover nationality-adjective genre labels
albanian,Albanian,demonym seeded upfront to cover nationality-adjective genre labels
algerian,Algerian,demonym seeded upfront to cover nationality-adjective genre labels
american,American,demonym seeded upfront to cover nationality-adjective genre labels
andorran,Andorran,demonym seeded upfront to cover nationality-adjective genre labels
angolan,Angolan,demonym seeded upfront to cover nationality-adjective genre labels
argentine,Argentine,demonym seeded upfront to cover nationality-adjective genre labels
argentinian,Argentinian,demonym seeded upfront to cover nationality-adjective genre labels
armenian,Armenian,demonym seeded upfront to cover nationality-adjective genre labels
australian,Australian,demonym seeded upfront to cover nationality-adjective genre labels
austrian,Austrian,demonym seeded upfront to cover nationality-adjective genre labels
azerbaijani,Azerbaijani,demonym seeded upfront to cover nationality-adjective genre labels
bahamian,Bahamian,demonym seeded upfront to cover nationality-adjective genre labels
bahraini,Bahraini,demonym seeded upfront to cover nationality-adjective genre labels
bangladeshi,Bangladeshi,demonym seeded upfront to cover nationality-adjective genre labels
barbadian,Barbadian,demonym seeded upfront to cover nationality-adjective genre labels
belarusian,Belarusian,demonym seeded upfront to cover nationality-adjective genre labels
belgian,Belgian,demonym seeded upfront to cover nationality-adjective genre labels
belizean,Belizean,demonym seeded upfront to cover nationality-adjective genre labels
beninese,Beninese,demonym seeded upfront to cover nationality-adjective genre labels
bhutanese,Bhutanese,demonym seeded upfront to cover nationality-adjective genre labels
bolivian,Bolivian,demonym seeded upfront to cover nationality-adjective genre labels
bosnian,Bosnian,demonym seeded upfront to cover nationality-adjective genre labels
botswanan,Botswanan,demonym seeded upfront to cover nationality-adjective genre labels
brazilian,Brazilian,demonym seeded upfront to cover nationality-adjective genre labels
british,British,demonym seeded upfront to cover nationality-adjective genre labels
bruneian,Bruneian,demonym seeded upfront to cover nationality-adjective genre labels
bulgarian,Bulgarian,demonym seeded upfront to cover nationality-adjective genre labels
burkinabe,Burkinabe,demonym seeded upfront to cover nationality-adjective genre labels
burmese,Burmese,demonym seeded upfront to cover nationality-adjective genre labels
burundian,Burundian,demonym seeded upfront to cover nationality-adjective genre labels
cambodian,Cambodian,demonym seeded upfront to cover nationality-adjective genre labels
cameroonian,Cameroonian,demonym seeded upfront to cover nationality-adjective genre labels
canadian,Canadian,demonym seeded upfront to cover nationality-adjective genre labels
cape,Cape,first word of the "Cape Verdean" demonym seeded upfront
verdean,Verdean,second word of the "Cape Verdean" demonym seeded upfront
central,Central,"common prefix word ('Central African', 'Central American') seeded upfront"
chadian,Chadian,demonym seeded upfront to cover nationality-adjective genre labels
chilean,Chilean,demonym seeded upfront to cover nationality-adjective genre labels
chinese,Chinese,demonym seeded upfront to cover nationality-adjective genre labels
colombian,Colombian,demonym seeded upfront to cover nationality-adjective genre labels
comoran,Comoran,demonym seeded upfront to cover nationality-adjective genre labels
congolese,Congolese,demonym seeded upfront to cover nationality-adjective genre labels
costa,Costa,first word of the "Costa Rican" demonym seeded upfront
rican,Rican,second word of the "Costa Rican"/"Puerto Rican" demonym seeded upfront
croatian,Croatian,demonym seeded upfront to cover nationality-adjective genre labels
cuban,Cuban,demonym seeded upfront to cover nationality-adjective genre labels
cypriot,Cypriot,demonym seeded upfront to cover nationality-adjective genre labels
czech,Czech,demonym seeded upfront to cover nationality-adjective genre labels
danish,Danish,demonym seeded upfront to cover nationality-adjective genre labels
djiboutian,Djiboutian,demonym seeded upfront to cover nationality-adjective genre labels
dominican,Dominican,demonym seeded upfront to cover nationality-adjective genre labels
dutch,Dutch,demonym seeded upfront to cover nationality-adjective genre labels
ecuadorian,Ecuadorian,demonym seeded upfront to cover nationality-adjective genre labels
egyptian,Egyptian,demonym seeded upfront to cover nationality-adjective genre labels
emirati,Emirati,demonym seeded upfront to cover nationality-adjective genre labels
english,English,demonym seeded upfront to cover nationality-adjective genre labels
equatorial,Equatorial,first word of the "Equatorial Guinean" demonym seeded upfront
eritrean,Eritrean,demonym seeded upfront to cover nationality-adjective genre labels
estonian,Estonian,demonym seeded upfront to cover nationality-adjective genre labels
ethiopian,Ethiopian,demonym seeded upfront to cover nationality-adjective genre labels
fijian,Fijian,demonym seeded upfront to cover nationality-adjective genre labels
filipino,Filipino,demonym seeded upfront to cover nationality-adjective genre labels
finnish,Finnish,demonym seeded upfront to cover nationality-adjective genre labels
french,French,demonym seeded upfront to cover nationality-adjective genre labels
gabonese,Gabonese,demonym seeded upfront to cover nationality-adjective genre labels
gambian,Gambian,demonym seeded upfront to cover nationality-adjective genre labels
georgian,Georgian,demonym seeded upfront to cover nationality-adjective genre labels
german,German,demonym seeded upfront to cover nationality-adjective genre labels
ghanaian,Ghanaian,demonym seeded upfront to cover nationality-adjective genre labels
greek,Greek,demonym seeded upfront to cover nationality-adjective genre labels
guatemalan,Guatemalan,demonym seeded upfront to cover nationality-adjective genre labels
guinean,Guinean,demonym seeded upfront to cover nationality-adjective genre labels
guyanese,Guyanese,demonym seeded upfront to cover nationality-adjective genre labels
haitian,Haitian,demonym seeded upfront to cover nationality-adjective genre labels
honduran,Honduran,demonym seeded upfront to cover nationality-adjective genre labels
hungarian,Hungarian,demonym seeded upfront to cover nationality-adjective genre labels
icelandic,Icelandic,demonym seeded upfront to cover nationality-adjective genre labels
indian,Indian,demonym seeded upfront to cover nationality-adjective genre labels
indonesian,Indonesian,demonym seeded upfront to cover nationality-adjective genre labels
iranian,Iranian,demonym seeded upfront to cover nationality-adjective genre labels
iraqi,Iraqi,demonym seeded upfront to cover nationality-adjective genre labels
irish,Irish,demonym seeded upfront to cover nationality-adjective genre labels
israeli,Israeli,demonym seeded upfront to cover nationality-adjective genre labels
italian,Italian,demonym seeded upfront to cover nationality-adjective genre labels
ivorian,Ivorian,demonym seeded upfront to cover nationality-adjective genre labels
jamaican,Jamaican,demonym seeded upfront to cover nationality-adjective genre labels
japanese,Japanese,demonym seeded upfront to cover nationality-adjective genre labels
jordanian,Jordanian,demonym seeded upfront to cover nationality-adjective genre labels
kazakh,Kazakh,demonym seeded upfront to cover nationality-adjective genre labels
kenyan,Kenyan,demonym seeded upfront to cover nationality-adjective genre labels
kiribati,Kiribati,demonym seeded upfront to cover nationality-adjective genre labels
korean,Korean,demonym seeded upfront to cover nationality-adjective genre labels
kosovar,Kosovar,demonym seeded upfront to cover nationality-adjective genre labels
kuwaiti,Kuwaiti,demonym seeded upfront to cover nationality-adjective genre labels
kyrgyz,Kyrgyz,demonym seeded upfront to cover nationality-adjective genre labels
lao,Lao,demonym seeded upfront to cover nationality-adjective genre labels
laotian,Laotian,demonym seeded upfront to cover nationality-adjective genre labels
latvian,Latvian,demonym seeded upfront to cover nationality-adjective genre labels
lebanese,Lebanese,demonym seeded upfront to cover nationality-adjective genre labels
liberian,Liberian,demonym seeded upfront to cover nationality-adjective genre labels
libyan,Libyan,demonym seeded upfront to cover nationality-adjective genre labels
liechtensteiner,Liechtensteiner,demonym seeded upfront to cover nationality-adjective genre labels
lithuanian,Lithuanian,demonym seeded upfront to cover nationality-adjective genre labels
luxembourgish,Luxembourgish,demonym seeded upfront to cover nationality-adjective genre labels
macedonian,Macedonian,demonym seeded upfront to cover nationality-adjective genre labels
malagasy,Malagasy,demonym seeded upfront to cover nationality-adjective genre labels
malawian,Malawian,demonym seeded upfront to cover nationality-adjective genre labels
malaysian,Malaysian,demonym seeded upfront to cover nationality-adjective genre labels
maldivian,Maldivian,demonym seeded upfront to cover nationality-adjective genre labels
malian,Malian,demonym seeded upfront to cover nationality-adjective genre labels
maltese,Maltese,demonym seeded upfront to cover nationality-adjective genre labels
mauritanian,Mauritanian,demonym seeded upfront to cover nationality-adjective genre labels
mauritian,Mauritian,demonym seeded upfront to cover nationality-adjective genre labels
mexican,Mexican,demonym seeded upfront to cover nationality-adjective genre labels
micronesian,Micronesian,demonym seeded upfront to cover nationality-adjective genre labels
moldovan,Moldovan,demonym seeded upfront to cover nationality-adjective genre labels
monacan,Monacan,demonym seeded upfront to cover nationality-adjective genre labels
mongolian,Mongolian,demonym seeded upfront to cover nationality-adjective genre labels
montenegrin,Montenegrin,demonym seeded upfront to cover nationality-adjective genre labels
moroccan,Moroccan,demonym seeded upfront to cover nationality-adjective genre labels
mozambican,Mozambican,demonym seeded upfront to cover nationality-adjective genre labels
namibian,Namibian,demonym seeded upfront to cover nationality-adjective genre labels
nauruan,Nauruan,demonym seeded upfront to cover nationality-adjective genre labels
nepalese,Nepalese,demonym seeded upfront to cover nationality-adjective genre labels
nicaraguan,Nicaraguan,demonym seeded upfront to cover nationality-adjective genre labels
nigerian,Nigerian,demonym seeded upfront to cover nationality-adjective genre labels
nigerien,Nigerien,demonym seeded upfront to cover nationality-adjective genre labels
norwegian,Norwegian,demonym seeded upfront to cover nationality-adjective genre labels
omani,Omani,demonym seeded upfront to cover nationality-adjective genre labels
pakistani,Pakistani,demonym seeded upfront to cover nationality-adjective genre labels
palauan,Palauan,demonym seeded upfront to cover nationality-adjective genre labels
palestinian,Palestinian,demonym seeded upfront to cover nationality-adjective genre labels
panamanian,Panamanian,demonym seeded upfront to cover nationality-adjective genre labels
papua,Papua,first word of the "Papua New Guinean" demonym seeded upfront
paraguayan,Paraguayan,demonym seeded upfront to cover nationality-adjective genre labels
persian,Persian,demonym seeded upfront to cover nationality-adjective genre labels
peruvian,Peruvian,demonym seeded upfront to cover nationality-adjective genre labels
polish,Polish,demonym seeded upfront to cover nationality-adjective genre labels
portuguese,Portuguese,demonym seeded upfront to cover nationality-adjective genre labels
qatari,Qatari,demonym seeded upfront to cover nationality-adjective genre labels
romanian,Romanian,demonym seeded upfront to cover nationality-adjective genre labels
russian,Russian,demonym seeded upfront to cover nationality-adjective genre labels
rwandan,Rwandan,demonym seeded upfront to cover nationality-adjective genre labels
salvadoran,Salvadoran,demonym seeded upfront to cover nationality-adjective genre labels
samoan,Samoan,demonym seeded upfront to cover nationality-adjective genre labels
saudi,Saudi,demonym seeded upfront to cover nationality-adjective genre labels
scottish,Scottish,demonym seeded upfront to cover nationality-adjective genre labels
senegalese,Senegalese,demonym seeded upfront to cover nationality-adjective genre labels
serbian,Serbian,demonym seeded upfront to cover nationality-adjective genre labels
sierra,Sierra,first word of the "Sierra Leonean" demonym seeded upfront
leonean,Leonean,second word of the "Sierra Leonean" demonym seeded upfront
singaporean,Singaporean,demonym seeded upfront to cover nationality-adjective genre labels
slovak,Slovak,demonym seeded upfront to cover nationality-adjective genre labels
slovenian,Slovenian,demonym seeded upfront to cover nationality-adjective genre labels
somali,Somali,demonym seeded upfront to cover nationality-adjective genre labels
south,South,"common prefix word ('South African', 'South Asian', 'South American') seeded upfront"
spanish,Spanish,demonym seeded upfront to cover nationality-adjective genre labels
sri,Sri,first word of the "Sri Lankan" demonym seeded upfront
lankan,Lankan,second word of the "Sri Lankan" demonym seeded upfront
sudanese,Sudanese,demonym seeded upfront to cover nationality-adjective genre labels
surinamese,Surinamese,demonym seeded upfront to cover nationality-adjective genre labels
swazi,Swazi,demonym seeded upfront to cover nationality-adjective genre labels
swedish,Swedish,demonym seeded upfront to cover nationality-adjective genre labels
swiss,Swiss,demonym seeded upfront to cover nationality-adjective genre labels
syrian,Syrian,demonym seeded upfront to cover nationality-adjective genre labels
taiwanese,Taiwanese,demonym seeded upfront to cover nationality-adjective genre labels
tajik,Tajik,demonym seeded upfront to cover nationality-adjective genre labels
tanzanian,Tanzanian,demonym seeded upfront to cover nationality-adjective genre labels
thai,Thai,demonym seeded upfront to cover nationality-adjective genre labels
togolese,Togolese,demonym seeded upfront to cover nationality-adjective genre labels
tongan,Tongan,demonym seeded upfront to cover nationality-adjective genre labels
trinidadian,Trinidadian,demonym seeded upfront to cover nationality-adjective genre labels
tunisian,Tunisian,demonym seeded upfront to cover nationality-adjective genre labels
turkish,Turkish,demonym seeded upfront to cover nationality-adjective genre labels
turkmen,Turkmen,demonym seeded upfront to cover nationality-adjective genre labels
ugandan,Ugandan,demonym seeded upfront to cover nationality-adjective genre labels
ukrainian,Ukrainian,demonym seeded upfront to cover nationality-adjective genre labels
uruguayan,Uruguayan,demonym seeded upfront to cover nationality-adjective genre labels
uzbek,Uzbek,demonym seeded upfront to cover nationality-adjective genre labels
vanuatuan,Vanuatuan,demonym seeded upfront to cover nationality-adjective genre labels
venezuelan,Venezuelan,demonym seeded upfront to cover nationality-adjective genre labels
vietnamese,Vietnamese,demonym seeded upfront to cover nationality-adjective genre labels
welsh,Welsh,demonym seeded upfront to cover nationality-adjective genre labels
yemeni,Yemeni,demonym seeded upfront to cover nationality-adjective genre labels
zambian,Zambian,demonym seeded upfront to cover nationality-adjective genre labels
zimbabwean,Zimbabwean,demonym seeded upfront to cover nationality-adjective genre labels
african,African,continent/region adjective seeded upfront alongside demonyms
asian,Asian,continent/region adjective seeded upfront alongside demonyms
balkan,Balkan,continent/region adjective seeded upfront alongside demonyms
caribbean,Caribbean,continent/region adjective seeded upfront alongside demonyms
caucasian,Caucasian,continent/region adjective seeded upfront alongside demonyms
european,European,continent/region adjective seeded upfront alongside demonyms
iberian,Iberian,continent/region adjective seeded upfront alongside demonyms
latin,Latin,continent/region adjective seeded upfront alongside demonyms
mediterranean,Mediterranean,continent/region adjective seeded upfront alongside demonyms
melanesian,Melanesian,continent/region adjective seeded upfront alongside demonyms
nordic,Nordic,continent/region adjective seeded upfront alongside demonyms
oceanian,Oceanian,continent/region adjective seeded upfront alongside demonyms
polynesian,Polynesian,continent/region adjective seeded upfront alongside demonyms
scandinavian,Scandinavian,continent/region adjective seeded upfront alongside demonyms
slavic,Slavic,continent/region adjective seeded upfront alongside demonyms
transatlantic,Transatlantic,continent/region adjective seeded upfront alongside demonyms
west,West,"common prefix word ('West African', 'West Indian') seeded upfront"
eastern,Eastern,common suffix word ("Middle Eastern") seeded upfront
middle,Middle,first word of "Middle Eastern" seeded upfront
afro,Afro,common compound-adjective prefix (e.g. "afro-cuban jazz") seeded alongside demonyms
anglo,Anglo,common compound-adjective prefix (e.g. "anglo-american folk") seeded alongside demonyms
euro,Euro,common compound-adjective prefix seeded alongside demonyms
franco,Franco,common compound-adjective prefix seeded alongside demonyms
indo,Indo,common compound-adjective prefix seeded alongside demonyms
sino,Sino,common compound-adjective prefix seeded alongside demonyms
